<?xml version="1.0" encoding="UTF-8"?>
<!DOCTYPE mapper PUBLIC "-//mybatis.org//DTD Mapper 3.0//EN" "http://mybatis.org/dtd/mybatis-3-mapper.dtd">
<mapper namespace="com.service.findservice.dao.Server_serviceMapper">
  <resultMap id="BaseResultMap" type="com.service.findservice.entity.ServerService">
    <constructor>
      <idArg column="server_service_id" javaType="java.lang.Integer" jdbcType="INTEGER" />
      <arg column="server_id" javaType="java.lang.String" jdbcType="VARCHAR" />
      <arg column="service_project" javaType="java.lang.String" jdbcType="CHAR" />
      <arg column="price" javaType="java.lang.Float" jdbcType="REAL" />
    </constructor>
  </resultMap>
  <sql id="Base_Column_List">
    server_service_id, server_id, service_project, price
  </sql>

  <select id="selectServiceBySId" parameterType="java.lang.String" resultMap="BaseResultMap">
    select
    <include refid="Base_Column_List" />
    from server_service
    where server_id = #{server_id,jdbcType=INTEGER}
  </select>

  <select id="selectByPrimaryKey" parameterType="java.lang.Integer" resultMap="BaseResultMap">
    select 
    <include refid="Base_Column_List" />
    from server_service
    where server_service_id = #{serverServiceId,jdbcType=INTEGER}
  </select>
  <delete id="deleteByPrimaryKey" parameterType="java.lang.Integer">
    delete from server_service
    where server_service_id = #{serverServiceId,jdbcType=INTEGER}
  </delete>
  <insert id="insert" parameterType="com.service.findservice.entity.ServerService">
    insert into server_service (server_service_id, server_id, service_project, 
      price)
    values (#{serverServiceId,jdbcType=INTEGER}, #{serverId,jdbcType=VARCHAR}, #{serviceProject,jdbcType=CHAR}, 
      #{price,jdbcType=REAL})
  </insert>
  <insert id="insertSelective" parameterType="com.service.findservice.entity.ServerService">
    insert into server_service
    <trim prefix="(" suffix=")" suffixOverrides=",">
      <if test="serverServiceId != null">
        server_service_id,
      </if>
      <if test="serverId != null">
        server_id,
      </if>
      <if test="serviceProject != null">
        service_project,
      </if>
      <if test="price != null">
        price,
      </if>
    </trim>
    <trim prefix="values (" suffix=")" suffixOverrides=",">
      <if test="serverServiceId != null">
        #{serverServiceId,jdbcType=INTEGER},
      </if>
      <if test="serverId != null">
        #{serverId,jdbcType=VARCHAR},
      </if>
      <if test="serviceProject != null">
        #{serviceProject,jdbcType=CHAR},
      </if>
      <if test="price != null">
        #{price,jdbcType=REAL},
      </if>
    </trim>
  </insert>
  <update id="updateByPrimaryKeySelective" parameterType="com.service.findservice.entity.ServerService">
    update server_service
    <set>
      <if test="serverId != null">
        server_id = #{serverId,jdbcType=VARCHAR},
      </if>
      <if test="serviceProject != null">
        service_project = #{serviceProject,jdbcType=CHAR},
      </if>
      <if test="price != null">
        price = #{price,jdbcType=REAL},
      </if>
    </set>
    where server_service_id = #{serverServiceId,jdbcType=INTEGER}
  </update>
  <update id="updateByPrimaryKey" parameterType="com.service.findservice.entity.ServerService">
    update server_service
    set server_id = #{serverId,jdbcType=VARCHAR},
      service_project = #{serviceProject,jdbcType=CHAR},
      price = #{price,jdbcType=REAL}
    where server_service_id = #{serverServiceId,jdbcType=INTEGER}
  </update>
</mapper>